,imageFile,snippetFile,objectType,area
0,/content/drive/My Drive/Savour/whole/Mummers_ play - Wikipedia.jpg,/content/drive/My Drive/Savour/snippets/ROI_0.jpg,person,5152186
1,/content/drive/My Drive/Savour/whole/Mummers_ play - Wikipedia.jpg,/content/drive/My Drive/Savour/snippets/ROI_1.jpg,person,4953570
2,/content/drive/My Drive/Savour/whole/Free Images _ people_ play_ cake_ kids....jpg,/content/drive/My Drive/Savour/snippets/ROI_2.jpg,person,3124492
3,/content/drive/My Drive/Savour/whole/Mummers_ play - Wikipedia.jpg,/content/drive/My Drive/Savour/snippets/ROI_3.jpg,person,2482560
4,/content/drive/My Drive/Savour/whole/Free Images _ people_ play_ cake_ kids....jpg,/content/drive/My Drive/Savour/snippets/ROI_4.jpg,person,2098316
5,/content/drive/My Drive/Savour/whole/In Celebration of Cesar Chavez Day....jpg,/content/drive/My Drive/Savour/snippets/ROI_5.jpg,person,1746396
6,/content/drive/My Drive/Savour/whole/Free Images _ people_ play_ cake_ kids....jpg,/content/drive/My Drive/Savour/snippets/ROI_6.jpg,person,1565218
7,/content/drive/My Drive/Savour/whole/Free Images _ people_ play_ cake_ kids....jpg,/content/drive/My Drive/Savour/snippets/ROI_7.jpg,person,1263656
8,/content/drive/My Drive/Savour/whole/musical theatre 3888x2592....jpg,/content/drive/My Drive/Savour/snippets/ROI_8.jpg,person,1214080
9,/content/drive/My Drive/Savour/whole/musical theatre 3888x2592....jpg,/content/drive/My Drive/Savour/snippets/ROI_9.jpg,person,1182572
10,/content/drive/My Drive/Savour/whole/Brooklyn_ NY _ Production _ Peerspace.jpg,/content/drive/My Drive/Savour/snippets/ROI_10.jpg,person,1050192
11,/content/drive/My Drive/Savour/whole/Mummers_ play - Wikipedia.jpg,/content/drive/My Drive/Savour/snippets/ROI_11.jpg,person,1009416
12,/content/drive/My Drive/Savour/whole/musical theatre 3888x2592....jpg,/content/drive/My Drive/Savour/snippets/ROI_12.jpg,person,932283
13,/content/drive/My Drive/Savour/whole/Folsom Weekend Party Guide 2018 - Andymatic.jpg,/content/drive/My Drive/Savour/snippets/ROI_13.jpg,person,869312
14,/content/drive/My Drive/Savour/whole/10 Bridal Party Tips for the Non... (1).jpg,/content/drive/My Drive/Savour/snippets/ROI_14.jpg,person,842076
15,/content/drive/My Drive/Savour/whole/musical theatre 3888x2592....jpg,/content/drive/My Drive/Savour/snippets/ROI_15.jpg,person,836451
16,/content/drive/My Drive/Savour/whole/10 Bridal Party Tips for the Non... (5).jpg,/content/drive/My Drive/Savour/snippets/ROI_16.jpg,person,820468
17,/content/drive/My Drive/Savour/whole/Folsom Weekend Party Guide 2018 - Andymatic.jpg,/content/drive/My Drive/Savour/snippets/ROI_17.jpg,person,796545
18,/content/drive/My Drive/Savour/whole/Free Images _ people_ play_ cake_ kids....jpg,/content/drive/My Drive/Savour/snippets/ROI_18.jpg,person,793366
19,/content/drive/My Drive/Savour/whole/10 Bridal Party Tips for the Non... (1).jpg,/content/drive/My Drive/Savour/snippets/ROI_19.jpg,person,742652
20,/content/drive/My Drive/Savour/whole/musical theatre 3888x2592....jpg,/content/drive/My Drive/Savour/snippets/ROI_20.jpg,person,718110
21,/content/drive/My Drive/Savour/whole/musical theatre 3888x2592....jpg,/content/drive/My Drive/Savour/snippets/ROI_21.jpg,person,709764
22,/content/drive/My Drive/Savour/whole/musical theatre 3888x2592....jpg,/content/drive/My Drive/Savour/snippets/ROI_22.jpg,person,652397
23,/content/drive/My Drive/Savour/whole/10 Bridal Party Tips for the Non... (5).jpg,/content/drive/My Drive/Savour/snippets/ROI_23.jpg,person,634185
24,/content/drive/My Drive/Savour/whole/Brooklyn_ NY _ Production _ Peerspace.jpg,/content/drive/My Drive/Savour/snippets/ROI_24.jpg,person,566740
25,/content/drive/My Drive/Savour/whole/musical theatre 3888x2592....jpg,/content/drive/My Drive/Savour/snippets/ROI_25.jpg,person,550458
26,/content/drive/My Drive/Savour/whole/musical theatre 3888x2592....jpg,/content/drive/My Drive/Savour/snippets/ROI_26.jpg,person,543267
27,/content/drive/My Drive/Savour/whole/10 Bridal Party Tips for the Non... (1).jpg,/content/drive/My Drive/Savour/snippets/ROI_27.jpg,person,539354
28,/content/drive/My Drive/Savour/whole/Sad Woman Blowing Party....jpg,/content/drive/My Drive/Savour/snippets/ROI_28.jpg,person,450826
29,/content/drive/My Drive/Savour/whole/Mummers_ play - Wikipedia.jpg,/content/drive/My Drive/Savour/snippets/ROI_29.jpg,person,450408
30,/content/drive/My Drive/Savour/whole/Mummers_ play - Wikipedia.jpg,/content/drive/My Drive/Savour/snippets/ROI_30.jpg,person,445380
31,/content/drive/My Drive/Savour/whole/10 Bridal Party Tips for the Non... (1).jpg,/content/drive/My Drive/Savour/snippets/ROI_31.jpg,person,433576
32,/content/drive/My Drive/Savour/whole/10 Bridal Party Tips for the Non... (5).jpg,/content/drive/My Drive/Savour/snippets/ROI_32.jpg,person,408910
33,/content/drive/My Drive/Savour/whole/10 Bridal Party Tips for the Non... (1).jpg,/content/drive/My Drive/Savour/snippets/ROI_33.jpg,person,380920
34,/content/drive/My Drive/Savour/whole/Folsom Weekend Party Guide 2018 - Andymatic.jpg,/content/drive/My Drive/Savour/snippets/ROI_34.jpg,person,374070
35,/content/drive/My Drive/Savour/whole/musical theatre 3888x2592....jpg,/content/drive/My Drive/Savour/snippets/ROI_35.jpg,person,354471
36,/content/drive/My Drive/Savour/whole/10 Bridal Party Tips for the Non... (1).jpg,/content/drive/My Drive/Savour/snippets/ROI_36.jpg,person,351450
37,/content/drive/My Drive/Savour/whole/Folsom Weekend Party Guide 2018 - Andymatic.jpg,/content/drive/My Drive/Savour/snippets/ROI_37.jpg,person,340600
38,/content/drive/My Drive/Savour/whole/10 Bridal Party Tips for the Non... (5).jpg,/content/drive/My Drive/Savour/snippets/ROI_38.jpg,person,339720
39,/content/drive/My Drive/Savour/whole/Mummers_ play - Wikipedia.jpg,/content/drive/My Drive/Savour/snippets/ROI_39.jpg,person,338723
40,/content/drive/My Drive/Savour/whole/10 Bridal Party Tips for the Non... (2).jpg,/content/drive/My Drive/Savour/snippets/ROI_40.jpg,person,337608
41,/content/drive/My Drive/Savour/whole/Morning Roundup_ D.C. – Ted Eytan_ MD.jpg,/content/drive/My Drive/Savour/snippets/ROI_41.jpg,person,331520
42,/content/drive/My Drive/Savour/whole/musical theatre 3888x2592....jpg,/content/drive/My Drive/Savour/snippets/ROI_42.jpg,person,318288
43,/content/drive/My Drive/Savour/whole/10 Bridal Party Tips for the Non... (5).jpg,/content/drive/My Drive/Savour/snippets/ROI_43.jpg,person,307913
44,/content/drive/My Drive/Savour/whole/Folsom Weekend Party Guide 2018 - Andymatic.jpg,/content/drive/My Drive/Savour/snippets/ROI_44.jpg,person,305926
45,/content/drive/My Drive/Savour/whole/Mummers_ play - Wikipedia.jpg,/content/drive/My Drive/Savour/snippets/ROI_45.jpg,person,274794
46,/content/drive/My Drive/Savour/whole/Morning Roundup_ D.C. – Ted Eytan_ MD.jpg,/content/drive/My Drive/Savour/snippets/ROI_46.jpg,person,273782
47,/content/drive/My Drive/Savour/whole/Page 9 _ Royalty-free birthday party....jpg,/content/drive/My Drive/Savour/snippets/ROI_47.jpg,person,268299
48,/content/drive/My Drive/Savour/whole/Ecuador_ a Hinge Election for Latin America.jpg,/content/drive/My Drive/Savour/snippets/ROI_48.jpg,person,263952
49,/content/drive/My Drive/Savour/whole/Mike Kai - Takanakuy _ LensCulture.jpg,/content/drive/My Drive/Savour/snippets/ROI_49.jpg,person,260755
50,/content/drive/My Drive/Savour/whole/Brooklyn_ NY _ Production _ Peerspace.jpg,/content/drive/My Drive/Savour/snippets/ROI_50.jpg,person,258792
51,/content/drive/My Drive/Savour/whole/10 Bridal Party Tips for the Non... (5).jpg,/content/drive/My Drive/Savour/snippets/ROI_51.jpg,person,251691
52,/content/drive/My Drive/Savour/whole/10 Bridal Party Tips for the Non... (2).jpg,/content/drive/My Drive/Savour/snippets/ROI_52.jpg,person,247932
53,/content/drive/My Drive/Savour/whole/Morning Roundup_ D.C. – Ted Eytan_ MD.jpg,/content/drive/My Drive/Savour/snippets/ROI_53.jpg,person,246180
54,/content/drive/My Drive/Savour/whole/Brooklyn_ NY _ Production _ Peerspace.jpg,/content/drive/My Drive/Savour/snippets/ROI_54.jpg,person,242668
55,/content/drive/My Drive/Savour/whole/Morning Roundup_ D.C. – Ted Eytan_ MD.jpg,/content/drive/My Drive/Savour/snippets/ROI_55.jpg,person,241961
56,/content/drive/My Drive/Savour/whole/Christmas food fight held in London....jpg,/content/drive/My Drive/Savour/snippets/ROI_56.jpg,person,239122
57,/content/drive/My Drive/Savour/whole/10 Bridal Party Tips for the Non... (2).jpg,/content/drive/My Drive/Savour/snippets/ROI_57.jpg,person,229848
58,/content/drive/My Drive/Savour/whole/10 Bridal Party Tips for the Non... (1).jpg,/content/drive/My Drive/Savour/snippets/ROI_58.jpg,person,228150
59,/content/drive/My Drive/Savour/whole/Morning Roundup_ D.C. – Ted Eytan_ MD.jpg,/content/drive/My Drive/Savour/snippets/ROI_59.jpg,person,216976
60,/content/drive/My Drive/Savour/whole/10 Bridal Party Tips for the Non... (2).jpg,/content/drive/My Drive/Savour/snippets/ROI_60.jpg,person,213466
61,/content/drive/My Drive/Savour/whole/Mike Kai - Takanakuy _ LensCulture.jpg,/content/drive/My Drive/Savour/snippets/ROI_61.jpg,person,206208
62,/content/drive/My Drive/Savour/whole/Mummers_ play - Wikipedia.jpg,/content/drive/My Drive/Savour/snippets/ROI_62.jpg,person,202982
63,/content/drive/My Drive/Savour/whole/Brooklyn_ NY _ Production _ Peerspace.jpg,/content/drive/My Drive/Savour/snippets/ROI_63.jpg,person,194376
64,/content/drive/My Drive/Savour/whole/Brooklyn_ NY _ Production _ Peerspace.jpg,/content/drive/My Drive/Savour/snippets/ROI_64.jpg,person,181797
65,/content/drive/My Drive/Savour/whole/Morning Roundup_ D.C. – Ted Eytan_ MD.jpg,/content/drive/My Drive/Savour/snippets/ROI_65.jpg,person,179523
66,/content/drive/My Drive/Savour/whole/Morning Roundup_ D.C. – Ted Eytan_ MD.jpg,/content/drive/My Drive/Savour/snippets/ROI_66.jpg,person,176120
67,/content/drive/My Drive/Savour/whole/Brooklyn_ NY _ Production _ Peerspace.jpg,/content/drive/My Drive/Savour/snippets/ROI_67.jpg,person,172656
68,/content/drive/My Drive/Savour/whole/Where to Enjoy Public Food Fights... (1).jpg,/content/drive/My Drive/Savour/snippets/ROI_68.jpg,person,172128
69,/content/drive/My Drive/Savour/whole/10 Bridal Party Tips for the Non... (2).jpg,/content/drive/My Drive/Savour/snippets/ROI_69.jpg,person,169068
70,/content/drive/My Drive/Savour/whole/6_978 Food Fight Photos and Premium... (1).jpg,/content/drive/My Drive/Savour/snippets/ROI_70.jpg,person,167986
71,/content/drive/My Drive/Savour/whole/10 Bridal Party Tips for the Non... (2).jpg,/content/drive/My Drive/Savour/snippets/ROI_71.jpg,person,166064
72,/content/drive/My Drive/Savour/whole/10 Bridal Party Tips for the Non... (2).jpg,/content/drive/My Drive/Savour/snippets/ROI_72.jpg,person,160862
73,/content/drive/My Drive/Savour/whole/How Do Gender Transitions Happen....jpg,/content/drive/My Drive/Savour/snippets/ROI_73.jpg,person,160223
74,/content/drive/My Drive/Savour/whole/Morning Roundup_ D.C. – Ted Eytan_ MD.jpg,/content/drive/My Drive/Savour/snippets/ROI_74.jpg,person,149872
75,/content/drive/My Drive/Savour/whole/10 Bridal Party Tips for the Non... (2).jpg,/content/drive/My Drive/Savour/snippets/ROI_75.jpg,person,148190
76,/content/drive/My Drive/Savour/whole/10 Bridal Party Tips for the Non... (2).jpg,/content/drive/My Drive/Savour/snippets/ROI_76.jpg,person,146412
77,/content/drive/My Drive/Savour/whole/Christmas food fight held in London....jpg,/content/drive/My Drive/Savour/snippets/ROI_77.jpg,person,146170
78,/content/drive/My Drive/Savour/whole/Morning Roundup_ D.C. – Ted Eytan_ MD.jpg,/content/drive/My Drive/Savour/snippets/ROI_78.jpg,person,141344
79,/content/drive/My Drive/Savour/whole/Ecuador_ a Hinge Election for Latin America.jpg,/content/drive/My Drive/Savour/snippets/ROI_79.jpg,person,136831
80,/content/drive/My Drive/Savour/whole/How Do Gender Transitions Happen....jpg,/content/drive/My Drive/Savour/snippets/ROI_80.jpg,person,135720
81,/content/drive/My Drive/Savour/whole/10 Bridal Party Tips for the Non... (2).jpg,/content/drive/My Drive/Savour/snippets/ROI_81.jpg,person,129528
82,/content/drive/My Drive/Savour/whole/Morning Roundup_ D.C. – Ted Eytan_ MD.jpg,/content/drive/My Drive/Savour/snippets/ROI_82.jpg,person,129116
83,/content/drive/My Drive/Savour/whole/10 Bridal Party Tips for the Non... (2).jpg,/content/drive/My Drive/Savour/snippets/ROI_83.jpg,person,122914
84,/content/drive/My Drive/Savour/whole/miss La Tomatina festival....jpg,/content/drive/My Drive/Savour/snippets/ROI_84.jpg,person,119847
85,/content/drive/My Drive/Savour/whole/6_978 Food Fight Photos and Premium... (1).jpg,/content/drive/My Drive/Savour/snippets/ROI_85.jpg,person,119328
86,/content/drive/My Drive/Savour/whole/Morning Roundup_ D.C. – Ted Eytan_ MD.jpg,/content/drive/My Drive/Savour/snippets/ROI_86.jpg,person,117290
87,/content/drive/My Drive/Savour/whole/Christmas food fight held in London....jpg,/content/drive/My Drive/Savour/snippets/ROI_87.jpg,person,116325
88,/content/drive/My Drive/Savour/whole/Morning Roundup_ D.C. – Ted Eytan_ MD.jpg,/content/drive/My Drive/Savour/snippets/ROI_88.jpg,person,115430
89,/content/drive/My Drive/Savour/whole/10 Bridal Party Tips for the Non... (5).jpg,/content/drive/My Drive/Savour/snippets/ROI_89.jpg,person,111720
90,/content/drive/My Drive/Savour/whole/Only African American people of color....jpg,/content/drive/My Drive/Savour/snippets/ROI_90.jpg,person,109890
91,/content/drive/My Drive/Savour/whole/Brooklyn_ NY _ Production _ Peerspace.jpg,/content/drive/My Drive/Savour/snippets/ROI_91.jpg,person,108150
92,/content/drive/My Drive/Savour/whole/Holyhead Youth Club entertaining....jpg,/content/drive/My Drive/Savour/snippets/ROI_92.jpg,person,106252
93,/content/drive/My Drive/Savour/whole/6_978 Food Fight Photos and Premium... (1).jpg,/content/drive/My Drive/Savour/snippets/ROI_93.jpg,person,106238
94,/content/drive/My Drive/Savour/whole/Morning Roundup_ D.C. – Ted Eytan_ MD.jpg,/content/drive/My Drive/Savour/snippets/ROI_94.jpg,person,104940
95,/content/drive/My Drive/Savour/whole/Brooklyn_ NY _ Production _ Peerspace.jpg,/content/drive/My Drive/Savour/snippets/ROI_95.jpg,person,101904
96,/content/drive/My Drive/Savour/whole/Morning Roundup_ D.C. – Ted Eytan_ MD.jpg,/content/drive/My Drive/Savour/snippets/ROI_96.jpg,person,101794
97,/content/drive/My Drive/Savour/whole/Morning Roundup_ D.C. – Ted Eytan_ MD.jpg,/content/drive/My Drive/Savour/snippets/ROI_97.jpg,person,101380
98,/content/drive/My Drive/Savour/whole/Only African American people of color....jpg,/content/drive/My Drive/Savour/snippets/ROI_98.jpg,person,98256
99,/content/drive/My Drive/Savour/whole/Holyhead Youth Club entertaining....jpg,/content/drive/My Drive/Savour/snippets/ROI_99.jpg,person,97627
100,/content/drive/My Drive/Savour/whole/miss La Tomatina festival....jpg,/content/drive/My Drive/Savour/snippets/ROI_100.jpg,person,96570
101,/content/drive/My Drive/Savour/whole/Holyhead Youth Club entertaining....jpg,/content/drive/My Drive/Savour/snippets/ROI_101.jpg,person,94827
102,/content/drive/My Drive/Savour/whole/Scooper - Undefined News_ FOOD FIGHT....jpg,/content/drive/My Drive/Savour/snippets/ROI_102.jpg,person,93534
103,/content/drive/My Drive/Savour/whole/Scooper - Undefined News_ FOOD FIGHT....jpg,/content/drive/My Drive/Savour/snippets/ROI_103.jpg,person,93021
104,/content/drive/My Drive/Savour/whole/Where to Enjoy Public Food Fights... (1).jpg,/content/drive/My Drive/Savour/snippets/ROI_104.jpg,person,90246
105,/content/drive/My Drive/Savour/whole/Brooklyn_ NY _ Production _ Peerspace.jpg,/content/drive/My Drive/Savour/snippets/ROI_105.jpg,person,87242
106,/content/drive/My Drive/Savour/whole/Morning Roundup_ D.C. – Ted Eytan_ MD.jpg,/content/drive/My Drive/Savour/snippets/ROI_106.jpg,person,86984
107,/content/drive/My Drive/Savour/whole/miss La Tomatina festival....jpg,/content/drive/My Drive/Savour/snippets/ROI_107.jpg,person,83058
108,/content/drive/My Drive/Savour/whole/Morning Roundup_ D.C. – Ted Eytan_ MD.jpg,/content/drive/My Drive/Savour/snippets/ROI_108.jpg,person,78080
109,/content/drive/My Drive/Savour/whole/Morning Roundup_ D.C. – Ted Eytan_ MD.jpg,/content/drive/My Drive/Savour/snippets/ROI_109.jpg,person,75208
110,/content/drive/My Drive/Savour/whole/Morning Roundup_ D.C. – Ted Eytan_ MD.jpg,/content/drive/My Drive/Savour/snippets/ROI_110.jpg,person,74801
111,/content/drive/My Drive/Savour/whole/10 Bridal Party Tips for the Non... (2).jpg,/content/drive/My Drive/Savour/snippets/ROI_111.jpg,person,73040
112,/content/drive/My Drive/Savour/whole/Morning Roundup_ D.C. – Ted Eytan_ MD.jpg,/content/drive/My Drive/Savour/snippets/ROI_112.jpg,person,71595
113,/content/drive/My Drive/Savour/whole/Where to Enjoy Public Food Fights... (1).jpg,/content/drive/My Drive/Savour/snippets/ROI_113.jpg,person,68380
114,/content/drive/My Drive/Savour/whole/10 Bridal Party Tips for the Non... (2).jpg,/content/drive/My Drive/Savour/snippets/ROI_114.jpg,person,67320
115,/content/drive/My Drive/Savour/whole/Morning Roundup_ D.C. – Ted Eytan_ MD.jpg,/content/drive/My Drive/Savour/snippets/ROI_115.jpg,person,65461
116,/content/drive/My Drive/Savour/whole/Where to Enjoy Public Food Fights... (1).jpg,/content/drive/My Drive/Savour/snippets/ROI_116.jpg,person,64600
117,/content/drive/My Drive/Savour/whole/Top 10 Food fight Festivals_ La... (4).jpg,/content/drive/My Drive/Savour/snippets/ROI_117.jpg,person,63756
118,/content/drive/My Drive/Savour/whole/miss La Tomatina festival....jpg,/content/drive/My Drive/Savour/snippets/ROI_118.jpg,person,60702
119,/content/drive/My Drive/Savour/whole/Top 10 Food fight Festivals_ La... (4).jpg,/content/drive/My Drive/Savour/snippets/ROI_119.jpg,person,59455
120,/content/drive/My Drive/Savour/whole/Where to Enjoy Public Food Fights... (1).jpg,/content/drive/My Drive/Savour/snippets/ROI_120.jpg,person,58872
121,/content/drive/My Drive/Savour/whole/miss La Tomatina festival....jpg,/content/drive/My Drive/Savour/snippets/ROI_121.jpg,person,58650
122,/content/drive/My Drive/Savour/whole/Where to Enjoy Public Food Fights... (1).jpg,/content/drive/My Drive/Savour/snippets/ROI_122.jpg,person,58464
123,/content/drive/My Drive/Savour/whole/10 Bridal Party Tips for the Non... (2).jpg,/content/drive/My Drive/Savour/snippets/ROI_123.jpg,person,57491
124,/content/drive/My Drive/Savour/whole/Only African American people of color....jpg,/content/drive/My Drive/Savour/snippets/ROI_124.jpg,person,53958
125,/content/drive/My Drive/Savour/whole/Holyhead Youth Club entertaining....jpg,/content/drive/My Drive/Savour/snippets/ROI_125.jpg,person,49680
126,/content/drive/My Drive/Savour/whole/Morning Roundup_ D.C. – Ted Eytan_ MD.jpg,/content/drive/My Drive/Savour/snippets/ROI_126.jpg,person,47495
127,/content/drive/My Drive/Savour/whole/Mike Kai - Takanakuy _ LensCulture.jpg,/content/drive/My Drive/Savour/snippets/ROI_127.jpg,person,46704
128,/content/drive/My Drive/Savour/whole/10 Bridal Party Tips for the Non... (2).jpg,/content/drive/My Drive/Savour/snippets/ROI_128.jpg,person,45780
129,/content/drive/My Drive/Savour/whole/Page 9 _ Royalty-free birthday party....jpg,/content/drive/My Drive/Savour/snippets/ROI_129.jpg,person,45645
130,/content/drive/My Drive/Savour/whole/Party Night in Reykjavik. _ Flickr.jpg,/content/drive/My Drive/Savour/snippets/ROI_130.jpg,person,44247
131,/content/drive/My Drive/Savour/whole/Morning Roundup_ D.C. – Ted Eytan_ MD.jpg,/content/drive/My Drive/Savour/snippets/ROI_131.jpg,person,44014
132,/content/drive/My Drive/Savour/whole/Page 9 _ Royalty-free birthday party....jpg,/content/drive/My Drive/Savour/snippets/ROI_132.jpg,person,43428
133,/content/drive/My Drive/Savour/whole/Scooper - Undefined News_ FOOD FIGHT....jpg,/content/drive/My Drive/Savour/snippets/ROI_133.jpg,person,42547
134,/content/drive/My Drive/Savour/whole/6_978 Food Fight Photos and Premium... (1).jpg,/content/drive/My Drive/Savour/snippets/ROI_134.jpg,person,42282
135,/content/drive/My Drive/Savour/whole/miss La Tomatina festival....jpg,/content/drive/My Drive/Savour/snippets/ROI_135.jpg,person,42189
136,/content/drive/My Drive/Savour/whole/miss La Tomatina festival....jpg,/content/drive/My Drive/Savour/snippets/ROI_136.jpg,person,41249
137,/content/drive/My Drive/Savour/whole/miss La Tomatina festival....jpg,/content/drive/My Drive/Savour/snippets/ROI_137.jpg,person,40484
138,/content/drive/My Drive/Savour/whole/Where to Enjoy Public Food Fights... (1).jpg,/content/drive/My Drive/Savour/snippets/ROI_138.jpg,person,40375
139,/content/drive/My Drive/Savour/whole/Brooklyn_ NY _ Production _ Peerspace.jpg,/content/drive/My Drive/Savour/snippets/ROI_139.jpg,person,40222
140,/content/drive/My Drive/Savour/whole/miss La Tomatina festival....jpg,/content/drive/My Drive/Savour/snippets/ROI_140.jpg,person,39675
141,/content/drive/My Drive/Savour/whole/How Do Gender Transitions Happen....jpg,/content/drive/My Drive/Savour/snippets/ROI_141.jpg,person,39032
142,/content/drive/My Drive/Savour/whole/How Do Gender Transitions Happen....jpg,/content/drive/My Drive/Savour/snippets/ROI_142.jpg,person,38841
143,/content/drive/My Drive/Savour/whole/Party Night in Reykjavik. _ Flickr.jpg,/content/drive/My Drive/Savour/snippets/ROI_143.jpg,person,38766
144,/content/drive/My Drive/Savour/whole/How Do Gender Transitions Happen....jpg,/content/drive/My Drive/Savour/snippets/ROI_144.jpg,person,38646
145,/content/drive/My Drive/Savour/whole/Brooklyn_ NY _ Production _ Peerspace.jpg,/content/drive/My Drive/Savour/snippets/ROI_145.jpg,person,36380
146,/content/drive/My Drive/Savour/whole/Where to Enjoy Public Food Fights... (1).jpg,/content/drive/My Drive/Savour/snippets/ROI_146.jpg,person,36244
147,/content/drive/My Drive/Savour/whole/Top 10 Food fight Festivals_ La... (3).jpg,/content/drive/My Drive/Savour/snippets/ROI_147.jpg,person,35500
148,/content/drive/My Drive/Savour/whole/Where to Enjoy Public Food Fights... (1).jpg,/content/drive/My Drive/Savour/snippets/ROI_148.jpg,person,34029
149,/content/drive/My Drive/Savour/whole/Mike Kai - Takanakuy _ LensCulture.jpg,/content/drive/My Drive/Savour/snippets/ROI_149.jpg,person,33024
150,/content/drive/My Drive/Savour/whole/Top 10 Food fight Festivals_ La... (4).jpg,/content/drive/My Drive/Savour/snippets/ROI_150.jpg,person,32780
151,/content/drive/My Drive/Savour/whole/Top 10 Food fight Festivals_ La... (3).jpg,/content/drive/My Drive/Savour/snippets/ROI_151.jpg,person,32508
152,/content/drive/My Drive/Savour/whole/Top 10 Food fight Festivals_ La... (3).jpg,/content/drive/My Drive/Savour/snippets/ROI_152.jpg,person,31968
153,/content/drive/My Drive/Savour/whole/Page 9 _ Royalty-free birthday party....jpg,/content/drive/My Drive/Savour/snippets/ROI_153.jpg,person,30976
154,/content/drive/My Drive/Savour/whole/Morning Roundup_ D.C. – Ted Eytan_ MD.jpg,/content/drive/My Drive/Savour/snippets/ROI_154.jpg,person,30418
155,/content/drive/My Drive/Savour/whole/How Do Gender Transitions Happen....jpg,/content/drive/My Drive/Savour/snippets/ROI_155.jpg,person,29754
156,/content/drive/My Drive/Savour/whole/Christmas food fight held in London....jpg,/content/drive/My Drive/Savour/snippets/ROI_156.jpg,person,29116
157,/content/drive/My Drive/Savour/whole/Brooklyn_ NY _ Production _ Peerspace.jpg,/content/drive/My Drive/Savour/snippets/ROI_157.jpg,person,28980
158,/content/drive/My Drive/Savour/whole/Top 10 Food fight Festivals_ La... (3).jpg,/content/drive/My Drive/Savour/snippets/ROI_158.jpg,person,28938
159,/content/drive/My Drive/Savour/whole/Top 10 Food fight Festivals_ La... (3).jpg,/content/drive/My Drive/Savour/snippets/ROI_159.jpg,person,28891
160,/content/drive/My Drive/Savour/whole/Top 10 Food fight Festivals_ La... (3).jpg,/content/drive/My Drive/Savour/snippets/ROI_160.jpg,person,28413
161,/content/drive/My Drive/Savour/whole/Top 10 Food fight Festivals_ La... (4).jpg,/content/drive/My Drive/Savour/snippets/ROI_161.jpg,person,28200
162,/content/drive/My Drive/Savour/whole/Top 10 Food fight Festivals_ La... (4).jpg,/content/drive/My Drive/Savour/snippets/ROI_162.jpg,person,28194
163,/content/drive/My Drive/Savour/whole/Top 10 Food fight Festivals_ La... (3).jpg,/content/drive/My Drive/Savour/snippets/ROI_163.jpg,person,27927
164,/content/drive/My Drive/Savour/whole/Brooklyn_ NY _ Production _ Peerspace.jpg,/content/drive/My Drive/Savour/snippets/ROI_164.jpg,person,27004
165,/content/drive/My Drive/Savour/whole/Top 10 Food fight Festivals_ La... (3).jpg,/content/drive/My Drive/Savour/snippets/ROI_165.jpg,person,26700
166,/content/drive/My Drive/Savour/whole/12_041 Sad Party Stock Photos_ Pictures... (3).jpg,/content/drive/My Drive/Savour/snippets/ROI_166.jpg,person,26208
167,/content/drive/My Drive/Savour/whole/miss La Tomatina festival....jpg,/content/drive/My Drive/Savour/snippets/ROI_167.jpg,person,25886
168,/content/drive/My Drive/Savour/whole/How Do Gender Transitions Happen....jpg,/content/drive/My Drive/Savour/snippets/ROI_168.jpg,person,25612
169,/content/drive/My Drive/Savour/whole/Where to Enjoy Public Food Fights... (1).jpg,/content/drive/My Drive/Savour/snippets/ROI_169.jpg,person,23864
170,/content/drive/My Drive/Savour/whole/miss La Tomatina festival....jpg,/content/drive/My Drive/Savour/snippets/ROI_170.jpg,person,23166
171,/content/drive/My Drive/Savour/whole/miss La Tomatina festival....jpg,/content/drive/My Drive/Savour/snippets/ROI_171.jpg,person,22620
172,/content/drive/My Drive/Savour/whole/Morning Roundup_ D.C. – Ted Eytan_ MD.jpg,/content/drive/My Drive/Savour/snippets/ROI_172.jpg,person,22515
173,/content/drive/My Drive/Savour/whole/Top 10 Food fight Festivals_ La... (3).jpg,/content/drive/My Drive/Savour/snippets/ROI_173.jpg,person,21294
174,/content/drive/My Drive/Savour/whole/Mike Kai - Takanakuy _ LensCulture.jpg,/content/drive/My Drive/Savour/snippets/ROI_174.jpg,person,21122
175,/content/drive/My Drive/Savour/whole/Mike Kai - Takanakuy _ LensCulture.jpg,/content/drive/My Drive/Savour/snippets/ROI_175.jpg,person,20520
176,/content/drive/My Drive/Savour/whole/Mike Kai - Takanakuy _ LensCulture.jpg,/content/drive/My Drive/Savour/snippets/ROI_176.jpg,person,20176
177,/content/drive/My Drive/Savour/whole/Mummers_ play - Wikipedia.jpg,/content/drive/My Drive/Savour/snippets/ROI_177.jpg,person,19740
178,/content/drive/My Drive/Savour/whole/How Do Gender Transitions Happen....jpg,/content/drive/My Drive/Savour/snippets/ROI_178.jpg,person,19716
179,/content/drive/My Drive/Savour/whole/Morning Roundup_ D.C. – Ted Eytan_ MD.jpg,/content/drive/My Drive/Savour/snippets/ROI_179.jpg,person,19588
180,/content/drive/My Drive/Savour/whole/10 Bridal Party Tips for the Non... (5).jpg,/content/drive/My Drive/Savour/snippets/ROI_180.jpg,person,19458
181,/content/drive/My Drive/Savour/whole/Epic food fight festivals - Newspaper....jpg,/content/drive/My Drive/Savour/snippets/ROI_181.jpg,person,19312
182,/content/drive/My Drive/Savour/whole/Where to Enjoy Public Food Fights... (1).jpg,/content/drive/My Drive/Savour/snippets/ROI_182.jpg,person,19177
183,/content/drive/My Drive/Savour/whole/Morning Roundup_ D.C. – Ted Eytan_ MD.jpg,/content/drive/My Drive/Savour/snippets/ROI_183.jpg,person,19158
184,/content/drive/My Drive/Savour/whole/Top 10 Food fight Festivals_ La... (3).jpg,/content/drive/My Drive/Savour/snippets/ROI_184.jpg,person,18960
185,/content/drive/My Drive/Savour/whole/10 Bridal Party Tips for the Non... (5).jpg,/content/drive/My Drive/Savour/snippets/ROI_185.jpg,person,18560
186,/content/drive/My Drive/Savour/whole/Top 10 Food fight Festivals_ La... (3).jpg,/content/drive/My Drive/Savour/snippets/ROI_186.jpg,person,18504
187,/content/drive/My Drive/Savour/whole/Christmas food fight held in London....jpg,/content/drive/My Drive/Savour/snippets/ROI_187.jpg,person,17825
188,/content/drive/My Drive/Savour/whole/Epic food fight festivals - Newspaper....jpg,/content/drive/My Drive/Savour/snippets/ROI_188.jpg,person,17628
189,/content/drive/My Drive/Savour/whole/Brooklyn_ NY _ Production _ Peerspace.jpg,/content/drive/My Drive/Savour/snippets/ROI_189.jpg,person,16968
190,/content/drive/My Drive/Savour/whole/10 Bridal Party Tips for the Non... (5).jpg,/content/drive/My Drive/Savour/snippets/ROI_190.jpg,person,16965
191,/content/drive/My Drive/Savour/whole/Brooklyn_ NY _ Production _ Peerspace.jpg,/content/drive/My Drive/Savour/snippets/ROI_191.jpg,person,16848
192,/content/drive/My Drive/Savour/whole/Mike Kai - Takanakuy _ LensCulture.jpg,/content/drive/My Drive/Savour/snippets/ROI_192.jpg,person,16240
193,/content/drive/My Drive/Savour/whole/Top 10 Food fight Festivals_ La... (3).jpg,/content/drive/My Drive/Savour/snippets/ROI_193.jpg,person,15476
194,/content/drive/My Drive/Savour/whole/Biggest Food Fight....jpg,/content/drive/My Drive/Savour/snippets/ROI_194.jpg,person,15280
195,/content/drive/My Drive/Savour/whole/10 Bridal Party Tips for the Non... (1).jpg,/content/drive/My Drive/Savour/snippets/ROI_195.jpg,person,14740
196,/content/drive/My Drive/Savour/whole/10 Bridal Party Tips for the Non... (2).jpg,/content/drive/My Drive/Savour/snippets/ROI_196.jpg,person,14080
197,/content/drive/My Drive/Savour/whole/Brooklyn_ NY _ Production _ Peerspace.jpg,/content/drive/My Drive/Savour/snippets/ROI_197.jpg,person,13764
198,/content/drive/My Drive/Savour/whole/Top 10 Food fight Festivals_ La... (3).jpg,/content/drive/My Drive/Savour/snippets/ROI_198.jpg,person,13650
199,/content/drive/My Drive/Savour/whole/10 Bridal Party Tips for the Non... (5).jpg,/content/drive/My Drive/Savour/snippets/ROI_199.jpg,person,13167
200,/content/drive/My Drive/Savour/whole/miss La Tomatina festival....jpg,/content/drive/My Drive/Savour/snippets/ROI_200.jpg,person,12948
201,/content/drive/My Drive/Savour/whole/Where to Enjoy Public Food Fights... (1).jpg,/content/drive/My Drive/Savour/snippets/ROI_201.jpg,person,12096
202,/content/drive/My Drive/Savour/whole/miss La Tomatina festival....jpg,/content/drive/My Drive/Savour/snippets/ROI_202.jpg,person,10622
203,/content/drive/My Drive/Savour/whole/Top 10 Food fight Festivals_ La... (4).jpg,/content/drive/My Drive/Savour/snippets/ROI_203.jpg,person,10395
204,/content/drive/My Drive/Savour/whole/Top 10 Food fight Festivals_ La... (3).jpg,/content/drive/My Drive/Savour/snippets/ROI_204.jpg,person,10350
205,/content/drive/My Drive/Savour/whole/10 Bridal Party Tips for the Non... (5).jpg,/content/drive/My Drive/Savour/snippets/ROI_205.jpg,person,10192
206,/content/drive/My Drive/Savour/whole/miss La Tomatina festival....jpg,/content/drive/My Drive/Savour/snippets/ROI_206.jpg,person,10192
207,/content/drive/My Drive/Savour/whole/Top 10 Food fight Festivals_ La... (4).jpg,/content/drive/My Drive/Savour/snippets/ROI_207.jpg,person,9520
208,/content/drive/My Drive/Savour/whole/Top 10 Food fight Festivals_ La... (3).jpg,/content/drive/My Drive/Savour/snippets/ROI_208.jpg,person,9040
209,/content/drive/My Drive/Savour/whole/Top 10 Food fight Festivals_ La... (4).jpg,/content/drive/My Drive/Savour/snippets/ROI_209.jpg,person,9009
210,/content/drive/My Drive/Savour/whole/Mike Kai - Takanakuy _ LensCulture.jpg,/content/drive/My Drive/Savour/snippets/ROI_210.jpg,person,8927
211,/content/drive/My Drive/Savour/whole/Page 9 _ Royalty-free birthday party....jpg,/content/drive/My Drive/Savour/snippets/ROI_211.jpg,person,8633
212,/content/drive/My Drive/Savour/whole/Where to Enjoy Public Food Fights... (1).jpg,/content/drive/My Drive/Savour/snippets/ROI_212.jpg,person,8080
213,/content/drive/My Drive/Savour/whole/Top 10 Food fight Festivals_ La... (4).jpg,/content/drive/My Drive/Savour/snippets/ROI_213.jpg,person,8008
214,/content/drive/My Drive/Savour/whole/10 Bridal Party Tips for the Non... (1).jpg,/content/drive/My Drive/Savour/snippets/ROI_214.jpg,person,7840
215,/content/drive/My Drive/Savour/whole/How Do Gender Transitions Happen....jpg,/content/drive/My Drive/Savour/snippets/ROI_215.jpg,person,7665
216,/content/drive/My Drive/Savour/whole/Mike Kai - Takanakuy _ LensCulture.jpg,/content/drive/My Drive/Savour/snippets/ROI_216.jpg,person,7650
217,/content/drive/My Drive/Savour/whole/Top 10 Food fight Festivals_ La... (4).jpg,/content/drive/My Drive/Savour/snippets/ROI_217.jpg,person,7600
218,/content/drive/My Drive/Savour/whole/Party Night in Reykjavik. _ Flickr.jpg,/content/drive/My Drive/Savour/snippets/ROI_218.jpg,person,7100
219,/content/drive/My Drive/Savour/whole/Top 10 Food fight Festivals_ La... (3).jpg,/content/drive/My Drive/Savour/snippets/ROI_219.jpg,person,7097
220,/content/drive/My Drive/Savour/whole/Party Night in Reykjavik. _ Flickr.jpg,/content/drive/My Drive/Savour/snippets/ROI_220.jpg,person,7068
221,/content/drive/My Drive/Savour/whole/10 Bridal Party Tips for the Non... (1).jpg,/content/drive/My Drive/Savour/snippets/ROI_221.jpg,person,6992
222,/content/drive/My Drive/Savour/whole/Party Night in Reykjavik. _ Flickr.jpg,/content/drive/My Drive/Savour/snippets/ROI_222.jpg,person,6954
223,/content/drive/My Drive/Savour/whole/10 Bridal Party Tips for the Non... (1).jpg,/content/drive/My Drive/Savour/snippets/ROI_223.jpg,person,6900
224,/content/drive/My Drive/Savour/whole/Party Night in Reykjavik. _ Flickr.jpg,/content/drive/My Drive/Savour/snippets/ROI_224.jpg,person,6670
225,/content/drive/My Drive/Savour/whole/Where to Enjoy Public Food Fights... (1).jpg,/content/drive/My Drive/Savour/snippets/ROI_225.jpg,person,6552
226,/content/drive/My Drive/Savour/whole/Top 10 Food fight Festivals_ La... (3).jpg,/content/drive/My Drive/Savour/snippets/ROI_226.jpg,person,6480
227,/content/drive/My Drive/Savour/whole/Epic food fight festivals - Newspaper....jpg,/content/drive/My Drive/Savour/snippets/ROI_227.jpg,person,6448
228,/content/drive/My Drive/Savour/whole/How Do Gender Transitions Happen....jpg,/content/drive/My Drive/Savour/snippets/ROI_228.jpg,person,6419
229,/content/drive/My Drive/Savour/whole/Top 10 Food fight Festivals_ La... (4).jpg,/content/drive/My Drive/Savour/snippets/ROI_229.jpg,person,6384
230,/content/drive/My Drive/Savour/whole/Party Night in Reykjavik. _ Flickr.jpg,/content/drive/My Drive/Savour/snippets/ROI_230.jpg,person,6345
231,/content/drive/My Drive/Savour/whole/Top 10 Food fight Festivals_ La... (3).jpg,/content/drive/My Drive/Savour/snippets/ROI_231.jpg,person,6148
232,/content/drive/My Drive/Savour/whole/Party Night in Reykjavik. _ Flickr.jpg,/content/drive/My Drive/Savour/snippets/ROI_232.jpg,person,6120
233,/content/drive/My Drive/Savour/whole/How Do Gender Transitions Happen....jpg,/content/drive/My Drive/Savour/snippets/ROI_233.jpg,person,6016
234,/content/drive/My Drive/Savour/whole/miss La Tomatina festival....jpg,/content/drive/My Drive/Savour/snippets/ROI_234.jpg,person,5940
235,/content/drive/My Drive/Savour/whole/How Do Gender Transitions Happen....jpg,/content/drive/My Drive/Savour/snippets/ROI_235.jpg,person,5921
236,/content/drive/My Drive/Savour/whole/How Do Gender Transitions Happen....jpg,/content/drive/My Drive/Savour/snippets/ROI_236.jpg,person,5508
237,/content/drive/My Drive/Savour/whole/How Do Gender Transitions Happen....jpg,/content/drive/My Drive/Savour/snippets/ROI_237.jpg,person,4935
238,/content/drive/My Drive/Savour/whole/Top 10 Food fight Festivals_ La... (3).jpg,/content/drive/My Drive/Savour/snippets/ROI_238.jpg,person,4590
239,/content/drive/My Drive/Savour/whole/Christmas food fight held in London....jpg,/content/drive/My Drive/Savour/snippets/ROI_239.jpg,person,4290
240,/content/drive/My Drive/Savour/whole/How Do Gender Transitions Happen....jpg,/content/drive/My Drive/Savour/snippets/ROI_240.jpg,person,4182
241,/content/drive/My Drive/Savour/whole/Mike Kai - Takanakuy _ LensCulture.jpg,/content/drive/My Drive/Savour/snippets/ROI_241.jpg,person,3920
242,/content/drive/My Drive/Savour/whole/Top 10 Food fight Festivals_ La... (3).jpg,/content/drive/My Drive/Savour/snippets/ROI_242.jpg,person,3827
243,/content/drive/My Drive/Savour/whole/Top 10 Food fight Festivals_ La... (4).jpg,/content/drive/My Drive/Savour/snippets/ROI_243.jpg,person,3645
244,/content/drive/My Drive/Savour/whole/Epic food fight festivals - Newspaper....jpg,/content/drive/My Drive/Savour/snippets/ROI_244.jpg,person,3485
245,/content/drive/My Drive/Savour/whole/Party Night in Reykjavik. _ Flickr.jpg,/content/drive/My Drive/Savour/snippets/ROI_245.jpg,person,3440
246,/content/drive/My Drive/Savour/whole/Top 10 Food fight Festivals_ La... (4).jpg,/content/drive/My Drive/Savour/snippets/ROI_246.jpg,person,3403
247,/content/drive/My Drive/Savour/whole/Top 10 Food fight Festivals_ La... (4).jpg,/content/drive/My Drive/Savour/snippets/ROI_247.jpg,person,3036
248,/content/drive/My Drive/Savour/whole/How Do Gender Transitions Happen....jpg,/content/drive/My Drive/Savour/snippets/ROI_248.jpg,person,2838
249,/content/drive/My Drive/Savour/whole/Where to Enjoy Public Food Fights... (1).jpg,/content/drive/My Drive/Savour/snippets/ROI_249.jpg,person,2668
250,/content/drive/My Drive/Savour/whole/How Do Gender Transitions Happen....jpg,/content/drive/My Drive/Savour/snippets/ROI_250.jpg,person,2640
251,/content/drive/My Drive/Savour/whole/How Do Gender Transitions Happen....jpg,/content/drive/My Drive/Savour/snippets/ROI_251.jpg,person,2640
252,/content/drive/My Drive/Savour/whole/Top 10 Food fight Festivals_ La... (4).jpg,/content/drive/My Drive/Savour/snippets/ROI_252.jpg,person,2432
253,/content/drive/My Drive/Savour/whole/Top 10 Food fight Festivals_ La... (4).jpg,/content/drive/My Drive/Savour/snippets/ROI_253.jpg,person,2116
254,/content/drive/My Drive/Savour/whole/Top 10 Food fight Festivals_ La... (3).jpg,/content/drive/My Drive/Savour/snippets/ROI_254.jpg,person,2088
255,/content/drive/My Drive/Savour/whole/Top 10 Food fight Festivals_ La... (4).jpg,/content/drive/My Drive/Savour/snippets/ROI_255.jpg,person,1885
256,/content/drive/My Drive/Savour/whole/Top 10 Food fight Festivals_ La... (4).jpg,/content/drive/My Drive/Savour/snippets/ROI_256.jpg,person,1785
257,/content/drive/My Drive/Savour/whole/How Do Gender Transitions Happen....jpg,/content/drive/My Drive/Savour/snippets/ROI_257.jpg,person,1750
258,/content/drive/My Drive/Savour/whole/Party Night in Reykjavik. _ Flickr.jpg,/content/drive/My Drive/Savour/snippets/ROI_258.jpg,person,1680
259,/content/drive/My Drive/Savour/whole/Party Night in Reykjavik. _ Flickr.jpg,/content/drive/My Drive/Savour/snippets/ROI_259.jpg,person,1656
260,/content/drive/My Drive/Savour/whole/Party Night in Reykjavik. _ Flickr.jpg,/content/drive/My Drive/Savour/snippets/ROI_260.jpg,person,1426
261,/content/drive/My Drive/Savour/whole/Party Night in Reykjavik. _ Flickr.jpg,/content/drive/My Drive/Savour/snippets/ROI_261.jpg,person,1407
262,/content/drive/My Drive/Savour/whole/Top 10 Food fight Festivals_ La... (3).jpg,/content/drive/My Drive/Savour/snippets/ROI_262.jpg,person,1350
263,/content/drive/My Drive/Savour/whole/Party Night in Reykjavik. _ Flickr.jpg,/content/drive/My Drive/Savour/snippets/ROI_263.jpg,person,1280
264,/content/drive/My Drive/Savour/whole/How Do Gender Transitions Happen....jpg,/content/drive/My Drive/Savour/snippets/ROI_264.jpg,person,1064
265,/content/drive/My Drive/Savour/whole/How Do Gender Transitions Happen....jpg,/content/drive/My Drive/Savour/snippets/ROI_265.jpg,person,1008
266,/content/drive/My Drive/Savour/whole/How Do Gender Transitions Happen....jpg,/content/drive/My Drive/Savour/snippets/ROI_266.jpg,person,966
267,/content/drive/My Drive/Savour/whole/Party Night in Reykjavik. _ Flickr.jpg,/content/drive/My Drive/Savour/snippets/ROI_267.jpg,person,950
268,/content/drive/My Drive/Savour/whole/Top 10 Food fight Festivals_ La... (4).jpg,/content/drive/My Drive/Savour/snippets/ROI_268.jpg,person,900
269,/content/drive/My Drive/Savour/whole/How Do Gender Transitions Happen....jpg,/content/drive/My Drive/Savour/snippets/ROI_269.jpg,person,855
270,/content/drive/My Drive/Savour/whole/How Do Gender Transitions Happen....jpg,/content/drive/My Drive/Savour/snippets/ROI_270.jpg,person,840
271,/content/drive/My Drive/Savour/whole/Party Night in Reykjavik. _ Flickr.jpg,/content/drive/My Drive/Savour/snippets/ROI_271.jpg,person,828
272,/content/drive/My Drive/Savour/whole/Top 10 Food fight Festivals_ La... (4).jpg,/content/drive/My Drive/Savour/snippets/ROI_272.jpg,person,770
273,/content/drive/My Drive/Savour/whole/Mike Kai - Takanakuy _ LensCulture.jpg,/content/drive/My Drive/Savour/snippets/ROI_273.jpg,person,760
274,/content/drive/My Drive/Savour/whole/Top 10 Food fight Festivals_ La... (4).jpg,/content/drive/My Drive/Savour/snippets/ROI_274.jpg,person,756
275,/content/drive/My Drive/Savour/whole/Party Night in Reykjavik. _ Flickr.jpg,/content/drive/My Drive/Savour/snippets/ROI_275.jpg,person,686
276,/content/drive/My Drive/Savour/whole/Epic food fight festivals - Newspaper....jpg,/content/drive/My Drive/Savour/snippets/ROI_276.jpg,person,675
277,/content/drive/My Drive/Savour/whole/Party Night in Reykjavik. _ Flickr.jpg,/content/drive/My Drive/Savour/snippets/ROI_277.jpg,person,616
278,/content/drive/My Drive/Savour/whole/Party Night in Reykjavik. _ Flickr.jpg,/content/drive/My Drive/Savour/snippets/ROI_278.jpg,person,546
279,/content/drive/My Drive/Savour/whole/How Do Gender Transitions Happen....jpg,/content/drive/My Drive/Savour/snippets/ROI_279.jpg,person,250
280,/content/drive/My Drive/Savour/whole/How Do Gender Transitions Happen....jpg,/content/drive/My Drive/Savour/snippets/ROI_280.jpg,person,196
